{
  "results": [
    {
      "command": "./main < ./data/ladrilho_17_1.txt",
      "mean": 18.748234204966668,
      "stddev": 1.531469017006367,
      "median": 18.920573639300002,
      "user": 18.284326293333333,
      "system": 0.4489780933333334,
      "min": 17.137885466300002,
      "max": 20.186243509300002,
      "times": [
        18.920573639300002,
        17.137885466300002,
        20.186243509300002
      ],
      "exit_codes": [
        0,
        0,
        0
      ],
      "parameters": {
        "step": "1"
      }
    },
    {
      "command": "./main < ./data/ladrilho_17_2.txt",
      "mean": 3.864157823633333,
      "stddev": 0.28766029716811536,
      "median": 3.7524712103000004,
      "user": 3.7436272933333328,
      "system": 0.11469775999999998,
      "min": 3.6490896653,
      "max": 4.1909125953,
      "times": [
        4.1909125953,
        3.7524712103000004,
        3.6490896653
      ],
      "exit_codes": [
        0,
        0,
        0
      ],
      "parameters": {
        "step": "2"
      }
    },
    {
      "command": "./main < ./data/ladrilho_17_3.txt",
      "mean": 3.2166981836333335,
      "stddev": 0.3075106818834766,
      "median": 3.2517865133,
      "user": 3.0858506266666663,
      "system": 0.11372109333333331,
      "min": 2.8931484203,
      "max": 3.5051596173000004,
      "times": [
        2.8931484203,
        3.2517865133,
        3.5051596173000004
      ],
      "exit_codes": [
        0,
        0,
        0
      ],
      "parameters": {
        "step": "3"
      }
    }
  ]
}
