{
  "results": [
    {
      "command": "./main < ./data/ladrilho_18_1.txt",
      "mean": 38.96105672697333,
      "stddev": 4.086984362255552,
      "median": 38.41347799064,
      "user": 37.91310019333333,
      "system": 0.9005209533333334,
      "min": 35.175466915639994,
      "max": 43.29422527464,
      "times": [
        43.29422527464,
        35.175466915639994,
        38.41347799064
      ],
      "exit_codes": [
        0,
        0,
        0
      ],
      "parameters": {
        "step": "1"
      }
    }
  ]
}
